StudyInstanceUID,n_series,ACL,MCL,Medial Meniscus,Lateral Meniscus,Medial OA,Lateral OA,PF OA,Effusion,Synovitis,Baker's,Contusion,Fracture
1.2.826.0.1.3680043.8.498.10004873229099053869093324292195817260,5,,,,,,,,,,,,
1.2.826.0.1.3680043.8.498.11287937729196958426538087439102017580,5,0.0,0.0,0.0,0.0,0.0,0.0,0.0,1.0,0.0,0.0,0.0,0.0
1.2.826.0.1.3680043.8.498.12978510157202852202776899910529174803,6,0.0,0.0,0.0,0.0,0.0,0.0,0.0,0.0,0.0,0.0,0.0,1.0
1.2.826.0.1.3680043.8.498.27437263843446879932281897446100134924,7,0.0,0.0,1.0,0.0,0.0,0.0,0.0,0.0,0.0,0.0,0.0,0.0
1.2.826.0.1.3680043.8.498.94433753471890306108089557761231739312,4,0.0,0.0,0.0,0.0,0.0,0.0,0.0,0.0,0.0,1.0,0.0,0.0
1.2.826.0.1.3680043.8.498.72853333220043794904856138561095171921,5,0.0,1.0,0.0,0.0,0.0,0.0,0.0,0.0,0.0,0.0,0.0,0.0
1.2.826.0.1.3680043.8.498.69392348385274125385290015404144639002,6,0.0,0.0,0.0,0.0,0.0,0.0,1.0,0.0,0.0,0.0,0.0,0.0
1.2.826.0.1.3680043.8.498.54977581323931277817074741182670080450,5,0.0,0.0,0.0,1.0,0.0,0.0,0.0,0.0,0.0,0.0,0.0,0.0
1.2.826.0.1.3680043.8.498.48348615349418615469875801439348424274,5,0.0,1.0,0.0,0.0,0.0,0.0,0.0,0.0,0.0,0.0,0.0,0.0
1.2.826.0.1.3680043.8.498.26790702379506190936834447203448882465,4,1.0,0.0,0.0,0.0,0.0,0.0,0.0,0.0,0.0,0.0,1.0,0.0
1.2.826.0.1.3680043.8.498.37392127307867238524251864751713143683,6,0.0,0.0,0.0,0.0,0.0,0.0,0.0,0.0,0.0,0.0,1.0,1.0
1.2.826.0.1.3680043.8.498.11382021393803389951964005983002209238,9,1.0,0.0,1.0,0.0,0.0,0.0,0.0,0.0,0.0,0.0,0.0,0.0
1.2.826.0.1.3680043.8.498.11771393824519892797114773408583976756,5,0.0,1.0,0.0,0.0,0.0,0.0,0.0,0.0,0.0,0.0,1.0,0.0
1.2.826.0.1.3680043.8.498.12448079646359892252441208258836556945,6,0.0,0.0,0.0,0.0,0.0,0.0,1.0,0.0,1.0,0.0,0.0,0.0
1.2.826.0.1.3680043.8.498.13267780356245120052411517053322874891,5,0.0,0.0,0.0,1.0,0.0,0.0,0.0,0.0,0.0,0.0,0.0,1.0
1.2.826.0.1.3680043.8.498.10095687747295410396510538520594649149,5,0.0,0.0,0.0,0.0,0.0,0.0,1.0,1.0,0.0,0.0,0.0,0.0
1.2.826.0.1.3680043.8.498.10170898615867673028696505248839028269,9,0.0,0.0,0.0,1.0,0.0,0.0,1.0,0.0,1.0,0.0,0.0,0.0
1.2.826.0.1.3680043.8.498.67188121544063723837669983597453941774,5,1.0,0.0,1.0,0.0,0.0,0.0,0.0,1.0,0.0,0.0,0.0,0.0
1.2.826.0.1.3680043.8.498.41600498783384864111179175518614837125,8,1.0,0.0,1.0,0.0,0.0,0.0,0.0,0.0,0.0,0.0,1.0,0.0
1.2.826.0.1.3680043.8.498.48946580946665031852355005294734101132,4,1.0,0.0,0.0,0.0,0.0,0.0,0.0,1.0,0.0,0.0,1.0,0.0
1.2.826.0.1.3680043.8.498.29764868091238287072166823522853419550,4,1.0,0.0,0.0,0.0,0.0,0.0,0.0,0.0,0.0,0.0,1.0,1.0
1.2.826.0.1.3680043.8.498.17844546765907321649997094867791102711,9,1.0,0.0,0.0,0.0,0.0,0.0,0.0,1.0,0.0,0.0,0.0,1.0
1.2.826.0.1.3680043.8.498.78512215519177850923279235346968676828,6,0.0,0.0,1.0,0.0,1.0,0.0,1.0,0.0,0.0,0.0,0.0,0.0
1.2.826.0.1.3680043.8.498.90283565381042081768587894596970552767,6,0.0,0.0,0.0,0.0,0.0,0.0,1.0,1.0,1.0,0.0,0.0,0.0
