StudyInstanceUID,Report
1.2.826.0.1.3680043.8.498.10004873229099053869093324292195817260,Técnica: RMN de la rodilla. Resultados: Rotura de menisco interno. Signo de necrosis avascular subcondral en el cóndilo femoral medial. Artrosis femorotibial medial. Derrame. . Impresión: Rotura de menisco interno. Signo de necrosis avascular subcondral en el cóndilo femoral medial. Artrosis femorotibial medial. Derrame.
1.2.826.0.1.3680043.8.498.11287937729196958426538087439102017580,"MRI of left Knee with 
-3-Plane Loc R'T, Sag PD FS, AX T2 FS, Sag T2 FS, Sag T1, CORT2 FS

> There is no abnormal intensity or articular surface disrupt in the medial meniscus, It appears to be normal.
> There is no increased intensity in the ACL, MCL and LCL, it appears to be normal
> Interstitial high intensity, irregular contour and laxity in the PCL, suspected complete tear
> Synovial membrane thickening in the knee joint with fluid accumulation and hofa fat pad stranding, knee arthritis with hoffitis noted
> Fluid accumulated in the suprapatella bursa with quadricep and prefemoral fat pad stranding, suprapatellar bursitis noted
> Fluid accumulated in the posterior medial condyle region
> Medial plica and suprapatellar plicae noted
> Relatively enlarged caliber of the popliteal vein  with heterogenous hyperintensity (srs: 6, Img: 24-30) and prominenet superficial veines, the possiblity of deep vein thrombosis can't totally excluded.

Impression:
1. C/W PCL complete tear, grade 3 injury
2. Synovitis of left knee and massive joint effusion and suprapatellar bursitis; complex plicae.
3. Subcutaneous edema around left knee.
4. R/O deep vein thrombosis of left popliteal vein. Suggest correlation with clinical manifestation
Suggest correlation with clinical manifestation
"
1.2.826.0.1.3680043.8.498.12978510157202852202776899910529174803,"МР находка: МР данни за фрактура на тибията в областта на интеркондиларните еминенции. Фрактурата е без данни за значима дислокация. Визуализира се контузионен костномозъчен едем в тибията срединно и към медиалното тибиално плато. Минимален субхондрален едем се изобразява и по медиалната повърхност на пателата. Хрущялът, покриващ ставните повърхности на костите е съхранен. Кръстните връзки са със запазена цялост. Нормално представени менискуси. Хрущял на пателата, ретинакулуми – нормално представени. Insall-Salvati ratio – 1,3. Нормално изобразяване на сухожилието на пателата и на м. квадрицепс феморис. Наличие на минимален ставен излив. Заключение:  МР данни за фрактура на тибията в областта на интеркондиларните еминенции, без значима дислокация. Контузионен костномозъчен едем. Минимален ставен излив. "
1.2.826.0.1.3680043.8.498.27437263843446879932281897446100134924,Technique: MRI of the knee. ACL normal.  MCL normal. Medial meniscus tear. Lateral meniscus normal.  Cartilages normal. No baker's cyst. No effusion. Conclusion: Medial meniscus tear.
1.2.826.0.1.3680043.8.498.94433753471890306108089557761231739312,"No significant knee effusion. Normal medial and lateral menisci. No evidence of tears.  Normal ACL, PCL, MCL and LCL. Normal extensor mechanism.  The tibiofemoral and patellofemoral articular cartilage is normal. Normal visualized bones and surrounding soft tissues.  Conclusion: No evidence of meniscal tears or ligamentous injury."
1.2.826.0.1.3680043.8.498.72853333220043794904856138561095171921,"Exam Type: MRI KNEE LEFT WO CONTRAST
Exam Date and Time: [DATE] [TIME]
Indication: Left knee pain for 4 weeks after injury at gym.
Comparison: No relevant prior studies available for comparison.

TECHNIQUE:
MRI of the left knee was performed on a 1.5 Tesla system with a dedicated knee coil in three planes (axial, sagittal, and coronal), using a standard non-contrast protocol.

FINDINGS:
OSSEOUS STRUCTURES:
Alignment is anatomic. No acute fracture. Normal background marrow signal. No focal osseous lesion. Focal bone marrow edema at the anteromedial tibial plateau. Small focal osteochondral impaction injury at the posterior lateral femoral condyle.

JOINT SPACE:
No joint effusion. No Baker's cyst.

MEDIAL COMPARTMENT:
Medial meniscus: No tear.
Medial compartment cartilage: Intact.

LATERAL COMPARTMENT:
Lateral meniscus: No tear.
Lateral compartment cartilage: Intact.

PATELLOFEMORAL COMPARTMENT:
Patellofemoral compartment cartilage: Low-grade articular cartilage loss at the lateral and medial patellar facets.

CRUCIATE LIGAMENTS:
Anterior cruciate ligament (ACL): No tear.
Posterior cruciate ligament (PCL): No tear.

COLLATERAL LIGAMENTS & POSTEROLATERAL CORNER:
Medial collateral ligament (MCL): Grade 2 injury.
Lateral collateral ligament (LCL) complex: Normal.
Posterolateral corner structures: Normal.

EXTENSOR MECHANISM:
Extensor Apparatus: Normal quadriceps tendon. Normal patellar tendon.
Medial patellofemoral ligament (MPFL) and patellar retinacula: Normal.
Patellofemoral tracking: No edema in superolateral Hoffa's fat pad. No lateral patellar tilt or translation. No patella alta. Tibial tubercle-trochlear groove (TT-TG) distance is 12 mm, normal.

MUSCLES/TENDONS:
No disproportionate muscle atrophy. Visualized tendons not previously discussed are intact.

SOFT TISSUES:
No soft tissue mass. Normal popliteal neurovascular bundle.

IMPRESSION:

1.	Small acute osteochondral impaction injury at the posterior lateral femoral condyle. Small focus of bone marrow edema at the anteromedial tibial plateau, likely a contusion.
2.	Grade 2 medial collateral ligament (MCL) sprain.
3.	Mild patellofemoral compartment chondrosis."
1.2.826.0.1.3680043.8.498.69392348385274125385290015404144639002,Técnica: RMN de la rodilla. Resultados: Pinzamiento de la almohadilla grasa de Hoffa. Síndrome de fricción de la banda iliotibial. Condropatía rotuliana. Impresión: Pinzamiento de la almohadilla grasa de Hoffa. Síndrome de fricción de la banda iliotibial. Condropatía rotuliana.
1.2.826.0.1.3680043.8.498.54977581323931277817074741182670080450,"Antecedentes Clínicos:
Artrosis.
Hallazgos:
No hay alteraciones en significativas de la médula ósea.
Ligamentos cruzados y colaterales dentro de límites normales.
Aumento de señal central del cuerno posterior y cuerpo del menisco medial que no impresiona
contactar con la superficie articular, sin caracteres propios de rotura.
Rotura del cuerno anterior, cuerpo y parte del cuerno posterior del menisco lateral con edema las
partes blandas perimeniscal es, quistes para meniscales y moderada extrusión meniscal.
Úlceras condrales de espesor parcial y prácticamente total de la zona de carga del compartimento
femorotibial lateral. Cartílagos del compartimento femorotibial medial y de la tróclea femoral sin
alteraciones. Condropatía rotuliana superficial la faceta lateral.
Leve derrame articular con mínima sinovitis.
Tendones cuadricipital, rotuliano, tendones de la pata de ganso, bíceps femoral y banda iliotibial
dentro de límites normales.
Impresión:
Rotura compleja del menisco lateral con extrusión asociada de quistes para meniscales.
Condropatía lesiones grado 2 y 3 de la zona de carga del compartimento femorotibial lateral.
Condropatía rotuliana superficial.
Leve derrame articular con mínima sinovitis"
1.2.826.0.1.3680043.8.498.48348615349418615469875801439348424274,"Antecedentes Clínicos:
Esguince del ligamento colateral medial.
Hallazgos:
No hay alteraciones de señal significativas de la médula ósea.
Engrosamiento y aumento de señal con pérdida parcial de la continuidad del tercio medio proximal
del componente superficial del ligamento colateral medial con edema de las partes blandas
adyacentes. El resto de los componentes del complejo medial dentro de límites normales.
El menisco lateral es de morfología y señal conservada, sin signos de rotura. Menisco medial de
morfología conservada, con aumento de señal del meniscocapsular a su cuerno posterior.
Cartílagos de los compartimentos femorotibiales y patelofemorales sin alteraciones.
Leve derrame articular. Pequeño quiste poplíteo, sin signos de complicación.
Cambios entesopáticos cuadricipitales distales. Tendón rotuliano, tendones de la pata de ganso,
bíceps femoral y banda iliotibial dentro de límites normales.
Impresión:
Signos de un esguince grado II del componente superficial del ligamento colateral medial.
Signos de aumento de señal meniscocapsular del cuerno posterior del menisco medial que podría
representar una lesión parcial regional.
Leve derrame articular. Pequeño quiste poplíteo.
Cambios entesopáticos cuadricipitales distales"
1.2.826.0.1.3680043.8.498.26790702379506190936834447203448882465,"There is a mild knee effusion. Normal medial and lateral menisci. No evidence of tears.  ACL is ruptured in its mid substance. There is mild residual bone contusion in the weightbearing aspect of the lateral femoral condyle and posterior aspect of the lateral tibial condyle. Mild anterior translation of the lateral tibial plateau is seen in relation to femur.  Normal PCL, MCL and LCL. Normal extensor mechanism.  The tibiofemoral and patellofemoral articular cartilage is normal. Normal visualized remaining bones and surrounding soft tissues.  Conclusion: ACL rupture."
1.2.826.0.1.3680043.8.498.37392127307867238524251864751713143683,"Patella alta (Insall-Salvati omjer 1,5), Wiberg tip III.
Iregularna, blago udubljena medijalna kontura patele u području apeksa, moguće u sklopu
impresijske frakture. Opsežan okolni koštani edem.
U području lateralnog kondila femura anteriorno od hvatišta tetive m. popliteus nalazi se
također udubljena kontura kosti na arealu oko 9 mm u promjeru, opisano može odgovarati
impresijskoj frakturi. Opsežan okolni koštani edem.
Zadebljanje i edem medijalnog patelarnog retinakuluma uz prekid kontinuiteta vlakana u
središnjem dijelu u sklopu rupture. Manja količina izljeva suprapatelarno i u medijalnom recesusu
uz naglašeniji suprapatelarni masni jastučić.
Opisane promjene najvjerojatnije posljedično lateralnoj dislokaciji patele.
Manja inzula kompakte u lateralnom kondilu femura i tibije.
Hondromalacične promjene 1. stupnja hrskavice medijalne fasete patele.
Lateralni patelarni retinakulum održan.
Početne entezopatske promjene hvatišta tetive m. quadriceps te patelarnog hvatišta
patelarnog ligamenta.
Kompletna suprapatelarna plika.
Prednji križni ligament je nešto viših intenziteta signala pri tibijalnom hvatištu, moguće stanje
nakon distenzije ili manje parcijalne rupture.
Stražnji križni ligament je primjerenih intenziteta signala, održanog kontinuiteta.
Linearni hiperintenzitet crvene zone stražnjeg roga medijalnog meniska koji može odgovarati
vaskularnoj strukturi, bez evidentne rupture.
Lateralni menisk je primjerenih intenziteta signala, bez znakova rupture.
Medijalni kolateralni ligament je primjerenih intenziteta signala, održanog kontinuiteta.
Entezopatske promjene proksimalnog hvatišta lateralnog kolateralnog ligamenta.
Entezopatske promjene i manji burzitis tetive m. popliteus.
Primjeren izgled iliotibijalnog trakta i pes anserinus.
Baker cista veličine oko 22x12x27 mm (APxLLxCC)."
1.2.826.0.1.3680043.8.498.11382021393803389951964005983002209238," In the medial compartment, there is longitudinal vertical tear at the body and posterior horn of the medial meniscus. There is no focal chondrosis or chondral injury. 
 The lateral compartment, the meniscus is not torn and there is no focal chondrosis or chondral injury. 
 The patellofemoral joint, the patellar and trochlear cartilage appears congruent without chondral lesion. The medial patellofemoral ligament is intact.  
 In the intercondylar notch, there is complete tear of the anterior cruciate ligament, at mid substance. The posterior cruciate ligament is intact. There is anterior tibial translation.   
 The medial and lateral collateral ligament complexes are intact. The extensor mechanism is normal.  
 No knee effusion is present. The surrounding musculature is normal. There is no fracture or bone contusion.   -- Longitudinal vertical tear at the body and posterior horn of the medial meniscus. 
 -- Complete tear of the anterior cruciate ligament, at mid substance. "
1.2.826.0.1.3680043.8.498.11771393824519892797114773408583976756,"MRI of Knee with 
-Locator, SG PD FatSat, SG T2W FS, SG T1W, CO T2W FS, AX T2W FS



* High signal in the soft tissue medial to the medial collateral ligament with mild increased signal intensity of proximal ligament, suspect grade 2 injury.
* Interstitial hyperintense signal of ACL, in favor of grade 1 injury.
* Bone marrow edema in bilateral femoral condyles and anteromedial and posterolateral aspect of proximal tibia, suspect bone contusion.
* Subcutaneous edema over medial aspect of right knee.
* Some joint effusion of right knee with mild hypertrophy of the synovium, indicative of synovitis.
> The contour of ACL & PCL appear to be within normal.
> No evidence of tear noted in either medial or lateral meniscus in this study.
> The quadriceps and patellar tendons appear to be within normal.

Impression:
1. Suspect grade 2 injury of MCL with adjacent soft tissue edema over anteromedial aspect of right knee.
2. Suspect grade 1 injury of ACL.
3. Bone marrow edema in distal femur and proximal tibia (major at anteromedial and posterolateral aspect), suspect bone contusion.
4. Mild synovitis of right knee joint.

Suggest correlation with clinical manifestation.
"
1.2.826.0.1.3680043.8.498.12448079646359892252441208258836556945,Técnica: RMN de la rodilla. Resultados: Fricción de la banda iliotibial. Síndrome de pinzamiento de la almohadilla grasa de Hoffa. Condropatía rotuliana. Impresión: Fricción de la banda iliotibial. Síndrome de pinzamiento de la almohadilla grasa de Hoffa. Condropatía rotuliana.
1.2.826.0.1.3680043.8.498.13267780356245120052411517053322874891,"> MRI of knee was performed in sagittal, axial and coronal sections.
> Spin echo sequence were used.

> Split fractures at tibial plateau with depression of the lateral articular surface and extending to tibial intercondylar region
> Bone contusion with neglected fracture line at fibular head.
> The contour of ACL is not all in a straight line but increase signal intensity inside, in favor of grade 2 injury.
> The contour of PCL appears to be within normal, no abnormal signal intensity is noted.
> There are linear signal intensity in anterior horn of medial meniscus, it extends into the surface, in favor of tear.
> Medial meniscus appears to be normal.
> Both medial & lateral collateral ligaments appear to be within normal.
> Some joint effusion

Impression: 
1. C/W Tibia plateau fracutre and fibular head fracture with bone contusion.
2. Grade 2 injury of anterior cruciate ligament.
3. Tear of anterior horn of lateral meniscus.
Suggest correlation with clinical manifestation
"
1.2.826.0.1.3680043.8.498.10095687747295410396510538520594649149,"Antecedentes Clínicos:
Esguince rodilla. [DATE].
Hallazgos:
No hay alteraciones de señal significativas de la médula ósea.
Ligamentos cruzados y colaterales dentro de límites normales.
Amputación marginal del cuerpo del menisco lateral. Menisco medial de morfología y señal
conservada, sin signos de rotura.
Cartílagos de los compartimentos femorotibiales sin alteraciones.
Fina úlcera condral focal de espesor total del aspecto inferior de la vertiente medial de la tróclea
femoral con mínimos cambios óseos secundarios. Fenómenos condrales reparativos de la región
central de la simple femoral. Cartílago rotuliano sin alteraciones.
Leve derrame articular. No hay quistes poplíteos patológicos.
Aumento de señal de la inserción distal del tendón cuadricipital y de la inserción proximal del
tendón rotuliano, sin signos de rotura.
No hay alteraciones de señal de la grasa de Hoffa.
Impresión:
Amputación marginal del cuerpo del menisco lateral.
Condropatía focal grado 4 del aspecto inferior de la vertiente medial de la tróclea femoral .
Fenómenos condrales reparativos de la región central de la tróclea femoral.
Leve derrame articular.
Leve tendinosis cuadricipital distal y rotuliana proximal."
1.2.826.0.1.3680043.8.498.10170898615867673028696505248839028269," The study reveals normal knee joint alignment.   No fracture is seen.  
   ACL is intact.   PCL is preserved.  
  The MCL is intact.    Medial meniscus is not torn.  
  The FCL, popliteus and biceps femoris tendons are preserved.       
   Horizontal tear at anterior horn of the lateral meniscus is noted.  
   Focal osteochondral defect at lateral patellar facet, about 8x12mm. with subchondral bone edema is detected.   Full thickness cartilage defect, 1.2x1.5cm. at lateral trochlea with subchondral bone edema is noted.   Small osteochondral body, about intact9xintact4cm. at anterior infrapatellar recess is noted.   
  The quadriceps and patellar tendons are preserved.   
   Moderate joint effusion, distended suprapatellar bursa with thickend synovial tissue are observed.  Horizontal tear at anterior horn of the lateral meniscus.  
     Osteochondral fracture at lateral patellar facet, about 8x12mm. with dislodge OCD fragment. 
     Full thickness cartilage defect, 1.2x1.5cm. at lateral trochlea with subchondral bone edema. 
      Small osteochondral body, about intact9xintact4cm. at anterior infrapatellar recess. 
      Chronic reactive synovitis, suprapatellar bursitis "
1.2.826.0.1.3680043.8.498.67188121544063723837669983597453941774,"SAĞ DİZ MRG. Tetkik protokolü: Çok düzlemli, çok sekanslı. Bulgular: Medial menisküs posterior hornda radial yırtık hattı izlenmiştir.Lateral menisküste grade II dejenerasyon saptanmıştır. PCL hafif elonge görünümdedir, sinyal bütünlüğü korunmuştur. ACL'de parsiyel rüptürü düşündüren devamsızlık, trasesinde sinyal-kalınlık artışı izlenmiştir. Lateral ve medial kollateral ligaman normaldir.Distal kuadriseps ve patellar tendonlar normaldir. Patella normal yerleşimlidir. Retinaküler devamsızlık yoktur.Suprapatellar bursada, diz eklem kapsülünde artmış efüzyon mevcuttur. "
1.2.826.0.1.3680043.8.498.41600498783384864111179175518614837125," In the medial compartment, there is buckethandle tear at the anterior horn, body and posterior horn of the medial meniscus. There is displaced meniscal fragment into the intercondylar notch. There is no focal chondrosis or chondral injury. 
 The lateral compartment, there is suspicious small longitudinal vertical tear at the periphery posterior horn of the lateral meniscus. There is focal osteochondral injury a mid weightbaring lateral femoral condyle (about intact6* 1 cm). 
 The patellofemoral joint, the patellar and trochlear cartilage appears congruent without chondral lesion. The medial patellofemoral ligament is intact  
 In the intercondylar notch, there is acute complete tear of the anterior cruciate ligament, at mid substance. The posterior cruciate ligament is intact There is no anterior tibial translation. 
 There is grade II ligamentous sprain (partial tear) of the medial collateral ligament, at mid substance (deep and superficial fibers). The posteromedial oblique ligament is intact  
 The lateral collateral ligament complexes are intact The popliteofibular ligament is intact The meniscopopliteal fascicles are intact  
 The extensor mechanism is normal.  
 Minimal amount of right knee effusion is 1. The surrounding musculature is normal. There is bone contusion at the posterolateral tibial plateau.  Acute osteochondral injury a mid weightbaring lateral femoral condyle (about intact6* 1 cm) of right knee. 
  Buckethandle tear of the medial meniscus. 
  Suspicious small longitudinal vertical tear at the periphery posterior horn of the lateral meniscus. 
  Acute complete tear of the anterior cruciate ligament, at mid substance. 
  Grade II ligamentous sprain (partial tear) of the medial collateral ligament, at mid substance (deep and superficial fibers). 
  Minimal amount of right knee effusion. 
  Bone contusion at the posterolateral tibial plateau."
1.2.826.0.1.3680043.8.498.48946580946665031852355005294734101132,"COMPARISON:None.

CLINICAL HISTORY:Left knee pain and swelling after fall. Medial joint line pain. Suspected bone contusion/meniscal tear.

PROCEDURE:Multisequence, multiplanar unenhanced MRI of the left knee according to routine protocol.

IMAGING FINDINGS:

Nondiagnostic scout localizing images reviewed.

The lateral meniscus is intact. The medial meniscus is intact.

High-grade partial-thickness tear involving the anterior cruciate ligament near the femoral attachment. No anterior tibial translation. Osteochondral impaction injury posterior lateral tibial plateau and posterior medial tibial plateau without evidence of displacement and osteophyte fragment. The posterior cruciate ligament is intact.

Low-grade partial-thickness tear involving the proximal fibers of the superficial and deep medial collateral ligament. The distal fibers are intact. The posterior oblique ligament is intact.

The fibular collateral ligament is intact. Popliteus and biceps femoris tendon attachments are intact. The iliotibial band is intact.

The patellar retinacula are intact. No femoral dysplasia. The TT-TG distance measures 12 minutes, within normal limits. The quadriceps and patellar tendons are intact.

Scattered foci of mild chondrosis throughout the patellofemoral compartment. Preserved medial and lateral femorotibial articular cartilage.

Small knee joint effusion. Regional musculature is within normal limits. No suspicious focal marrow signal alteration. 

IMPRESSION:
1. High-grade partial-thickness tear of the anterior cruciate ligament.
2. Low-grade partial tear of the medial collateral ligament.
3. Osteochondral impaction injuries posterior medial tibial plateau and posterior lateral tibial plateau without evidence of displaced or unstable osteochondral fragment.
4. Mild patellofemoral chondrosis.
5. Intact menisci."
1.2.826.0.1.3680043.8.498.29764868091238287072166823522853419550,"No evidence of knee effusion. Normal medial and lateral menisci. No evidence of tears.  ACL is ruptured. There is mild anterior translation of the lateral tibial plateau in relation to femur.  Normal PCL, MCL and LCL. Normal extensor mechanism.  The tibiofemoral and patellofemoral articular cartilage is normal. A bone contusion is noted in the posterolateral corner of the lateral tibial plateau.  
Conclusion: Mild effusion. ACL rupture. Posterolateral tibial contusion."
1.2.826.0.1.3680043.8.498.17844546765907321649997094867791102711,"Diz eklemi içi sıvı miktarı hafif derecede artmış. Lateral femoral kondilin ağırlık taşıyan yüzeyinin anteriyor yarısındaki subkondral kırığı kemik iliği ödemi çevreliyor. Tibyal plato posterolateral köşesinde pivot kayması ile ilintili kemik kontüzyonu mevcut. Ön çapraz bağdaki laksite artışı ve ödem yüksek olasılıkla tam kat-tam kata yakın yırtık ile birlikte. Posteriyor oblik ve oblik popliteal bağlar ödemli ancak menisküs yırtığı eşlik etmiyor. Posteriyor medyal köşe yapıları bunların dışında korunmuş. Arka çapraz ve yan bağlar normal. Posterolateral köşe yapıları korunmuş. Medyal menisküs ve lateral menisküs normal. Eklem kıkırdakları ve kemikler bunların dışında normal. Ekstensör mekanizma korunmuş (kuadriseps tendonu ve patellar tendon, patella ve yerleşimi, femoral troklear oluk ve patellofemoral bağlar normal)."
1.2.826.0.1.3680043.8.498.78512215519177850923279235346968676828,"Zglobna tijela PF zgloba su kongruentna.
PF artrotske promjene s reduciranim zglobnim prostorom, manjim izljevom i hondromalacijom IV
stupnja hrskavice interfasetarno.
Hondromalacija II.stupnja lateralnog platoa tibije i hrskavice medijalnog kondila femura. OA promjene obostrano, izraženije lateralno uz osteofite.
Plato tibije interkondilarno straga pokazuje više manjih subhondralnih cista.
Minimalni izljev.
Prednji križni ligament u području distalnog hvatišta pokazuje trokutasti hiperintenzitet koji
može odgovarati manjoj intrasupstancijskoj rupturi.
Vertikalna ruptura stražnjeg roga medijalnog meniska koja seže i zahvaća donju artikulacijsku
plohu uz promijenjen intenzitet signala posteromedijalnog dijela zglobne čahure i meniskotibijalne
sveze - ramp lezija .
Uz stražnju konturu meniska vidi se nekoliko milimetarskih ganglion cista.
Početno degenerativno promijenjen intenizet signala preostalog dijela medijalnog meniska.
Manja ekstruzija dijela diska u meniskotibijalni recesus.
Lateralni menisk bez znakova degeneracije ili rupture.
Stražnji križni ligament urednog signala te se prati u kontinuitetu.
Lateralni i medijalni kolateralni ligamenti urednog signala te se prate u kontinuitetu.
Blage tendinopatske promjene hvatišta tetive kvadricepsa.
Uredan izgled patelarnog ligamenta.
Bez znakova poplitealne ciste."
1.2.826.0.1.3680043.8.498.90283565381042081768587894596970552767,Técnica: RMN de la rodilla. Resultados: Cambios de señal en el menisco interno sin signos de desgarro. Secuelas de osteocondritis de la tuberosidad tibial. OA femorotibial medial y lateral. OA patelofemoral. Derrame con sinovitis. Quiste subcondral en la meseta tibial lateral. Impresión: Cambios de señal en el menisco interno sin signos de desgarro. OA patelofemoral. Derrame con sinovitis.
